year,commune,department_name,department_number,region,beach_flag,port_flag,places
2023,MALAFRETAZ,AIN,01,AUVERGNE-RHÔNE-ALPES,1,0,Plage principale
2023,VIEURE,ALLIER,03,AUVERGNE-RHÔNE-ALPES,1,0,Plage du plan d'eau de Vieure
2023,SAINT-MARTIN-D'ARDÈCHE,ARDÈCHE,07,AUVERGNE-RHÔNE-ALPES,1,0,Plage du Grain de sel
2023,TRÉMOUILLE,CANTAL,15,AUVERGNE-RHÔNE-ALPES,1,0,Lastioulles
2023,CHAMPAGNAC-LE-VIEUX,HAUTE-LOIRE,43,AUVERGNE-RHÔNE-ALPES,1,0,Plage du Plan d'eau
2023,LE BOUCHET-SAINT-NICOLAS,HAUTE-LOIRE,43,AUVERGNE-RHÔNE-ALPES,1,0,Plage du lac du Bouchet
2023,EVIAN-LES-BAINS,HAUTE-SAVOIE,74,AUVERGNE-RHÔNE-ALPES,1,0,Plage du Centre Nautique Evian
2023,NEUVECELLE,HAUTE-SAVOIE,74,AUVERGNE-RHÔNE-ALPES,1,0,Grande Rive
2023,PUBLIER,HAUTE-SAVOIE,74,AUVERGNE-RHÔNE-ALPES,1,0,Plage municipale Amphion-les-bains
2023,SAINT-GINGOLPH,HAUTE-SAVOIE,74,AUVERGNE-RHÔNE-ALPES,1,0,Plage municipale
2023,SAINT-JORIOZ,HAUTE-SAVOIE,74,AUVERGNE-RHÔNE-ALPES,1,0,Plage municipale
2023,SCIEZ-SUR-LEMAN,HAUTE-SAVOIE,74,AUVERGNE-RHÔNE-ALPES,1,0,Sciez Municipale
2023,THONON-LES-BAINS,HAUTE-SAVOIE,74,AUVERGNE-RHÔNE-ALPES,1,0,"Plage de Saint-Disdille, Plage du Centre Nautique"
2023,VEYRIER-DU-LAC,HAUTE-SAVOIE,74,AUVERGNE-RHÔNE-ALPES,1,0,Plage La Brune
2023,AUBUSSON D'AUVERGNE,PUY-DE-DÔME,63,AUVERGNE-RHÔNE-ALPES,1,0,Plage du lac d'Aubusson d'Auvergne
2023,AYDAT,PUY-DE-DÔME,63,AUVERGNE-RHÔNE-ALPES,1,0,Plage d'Aydat
2023,CHAMBON-SUR-LAC,PUY-DE-DÔME,63,AUVERGNE-RHÔNE-ALPES,1,0,Plage de Chambon
2023,COURNON D'AUVERGNE,PUY-DE-DÔME,63,AUVERGNE-RHÔNE-ALPES,1,0,Plan d'eau de Cournon d'Auvergne
2023,MUROL,PUY-DE-DÔME,63,AUVERGNE-RHÔNE-ALPES,1,0,Grande plage du lac Chambon de Murol
2023,SAINT-RÉMY-SUR-DUROLLE,PUY-DE-DÔME,63,AUVERGNE-RHÔNE-ALPES,1,0,Plan d'eau des Prades
2023,THIERS,PUY-DE-DÔME,63,AUVERGNE-RHÔNE-ALPES,1,0,Plan d'eau d'Iloa
2023,GRÉSY-SUR-ISÈRE,SAVOIE,73,AUVERGNE-RHÔNE-ALPES,1,0,Base de loisirs de Grésy-sur-Isère
2023,SAINT-PIERRE D'ALBIGNY,SAVOIE,73,AUVERGNE-RHÔNE-ALPES,1,0,Plage du lac de Carouge
2023,CLAIRVAUX-LES-LACS,JURA,39,BOURGOGNE-FRANCHE-COMTÉ,1,0,Plage du Grand Lac de Clairvaux
2023,MONTSAUCHE-LES-SETTONS,NIÈVRE,58,BOURGOGNE-FRANCHE-COMTÉ,1,0,Plage de la Presqu'île
2023,AUDIERNE,FINISTÈRE,29,BRETAGNE,1,0,"Plage de Trescadec, Plage de Trez Goarem*"
2023,BÉNODET,FINISTÈRE,29,BRETAGNE,1,0,Plage du Trez
2023,CLOHARS-CARNOËT,FINISTÈRE,29,BRETAGNE,1,0,"Bellangenet, Grands Sables, Kerrou"
2023,FOUESNANT-LES,FINISTÈRE,29,BRETAGNE,1,0,"Glénan Kerler, Maner Coat Clevarec, Kerambigorn, Cap-Coz, Glénan Saint-Nicolas"
2023,LE CONQUET,FINISTÈRE,29,BRETAGNE,1,0,"Blancs Sablons, Portez, Pors Liogan"
2023,MOËLAN-SUR-MER,FINISTÈRE,29,BRETAGNE,1,0,Kerfany
2023,PLOUHINEC,FINISTÈRE,29,BRETAGNE,1,0,"Gwendrez, Mesperleuc"
2023,PLOUARZEL,FINISTÈRE,29,BRETAGNE,1,0,Plage de Porsman
2023,POULDREUZIC,FINISTÈRE,29,BRETAGNE,1,0,Penhors
2023,ROSCOFF,FINISTÈRE,29,BRETAGNE,1,0,Saint-Luc (Roc'h-Kroum)
2023,SAINT-POL-DE-LÉON,FINISTÈRE,29,BRETAGNE,1,0,Sainte-Anne
2023,IFFENDIC,ILLE-ET-VILAINE,35,BRETAGNE,1,0,Lac de Trémelin
2023,SAINT-BRIAC-SUR-MER,ILLE-ET-VILAINE,35,BRETAGNE,1,0,"La Salinette, Port Hue"
2023,CARNAC,MORBIHAN,56,BRETAGNE,1,0,"Saint-Colomban, Grande Plage"
2023,ERDEVEN,MORBIHAN,56,BRETAGNE,1,0,"Kerouriec, Kerhillio"
2023,GUIDEL,MORBIHAN,56,BRETAGNE,1,0,"La Falaise, Le Loc'h, Pen er Malo"
2023,PLOUHINEC,MORBIHAN,56,BRETAGNE,1,0,"Kervegant, Le Magouero"
2023,EGUZON-CHANTÔME,INDRE,36,CENTRE-VAL DE LOIRE,1,0,Chambon
2023,CHÂLETTE-SUR-LOING,LOIRET,45,CENTRE-VAL DE LOIRE,1,0,Plage de Châlette
2023,AJACCIO,CORSE-DU-SUD,2A,CORSE,1,1,"Trottel, Terre sacrée, PORT de Plaisance Ajaccio Tino Rossi"
2023,GROSSETO-PRUGNA,CORSE-DU-SUD,2A,CORSE,1,0,Plage des Tamaris
2023,PIETROSELLA,CORSE-DU-SUD,2A,CORSE,1,0,Plage du Ruppione
2023,SERRA,CORSE-DU-SUD,2A,CORSE,1,0,di Ferro Porto Pollo
2023,FOURMIES,NORD,59,HAUTS-DE-FRANCE,1,0,Plage des Etangs des moines
2023,GRAVELINES,NORD,59,HAUTS-DE-FRANCE,1,0,Petit Fort Philippe. PAS-DE-CALAIS
2023,BERCK-SUR-MER,NORD,59,HAUTS-DE-FRANCE,1,0,Plage centre
2023,CAYEUX-SUR-MER,SOMME,80,HAUTS-DE-FRANCE,1,0,Plage de la Ville
2023,SOUPPES-SUR-LOING,SEINE-ET-MARNE,77,ÎLE-DE-FRANCE,1,0,Baignade de Souppes-sur-Loing
2023,COLLEVILLE-MONTGOMERY,CALVADOS,14,NORMANDIE,1,0,Colleville plage
2023,HONFLEUR,CALVADOS,14,NORMANDIE,1,0,Plage du Butin
2023,PONT-L'ÉVÊQUE,CALVADOS,14,NORMANDIE,1,0,Lac de Pont-l'Évêque
2023,BARNEVILLE-CARTERET,MANCHE,50,NORMANDIE,1,0,"Plage de la Potinière, Plage de Barneville"
2023,BRÉHAL,MANCHE,50,NORMANDIE,1,0,Plage de St-Martin-de-Bréhal
2023,CAROLLES,MANCHE,50,NORMANDIE,1,0,Carolles plage
2023,DONVILLE-LES-BAINS,MANCHE,50,NORMANDIE,1,0,plage du Lude
2023,GRANVILLE,MANCHE,50,NORMANDIE,1,0,Plage du Plat-Gousset
2023,JULLOUVILLE,MANCHE,50,NORMANDIE,1,0,"Le Casino, Les Plaisanciers"
2023,LES PIEUX,MANCHE,50,NORMANDIE,1,0,Sciotot
2023,SAINT-PAIR-SUR-MER,MANCHE,50,NORMANDIE,1,0,plage de Kairon
2023,SIOUVILLE-HAGUE,MANCHE,50,NORMANDIE,1,0,Plage Cale John Hunter
2023,DIEPPE,SEINE-MARITIME,76,NORMANDIE,1,0,"Plage de Dieppe, Plage de Puys"
2023,FÉCAMP,SEINE-MARITIME,76,NORMANDIE,1,0,Plage de Fécamp
2023,LE HAVRE,SEINE-MARITIME,76,NORMANDIE,1,0,Plage du Havre
2023,SAINT-JOUIN-BRUNEVAL SAINT-JOUIN,SEINE-MARITIME,76,NORMANDIE,1,0,Plage
2023,LA ROCHELLE,CHARENTE-MARITIME,17,NOUVELLE-AQUITAINE,1,0,"Chef de Baie, Les Minimes"
2023,LE-BOIS-PLAGE-EN-RÉ,CHARENTE-MARITIME,17,NOUVELLE-AQUITAINE,1,0,"Gros-Jonc, Les Gollandières"
2023,LE-GRAND-VILLAGE-PLAGE,CHARENTE-MARITIME,17,NOUVELLE-AQUITAINE,1,0,Plage de la Giraudière
2023,ROYAN,CHARENTE-MARITIME,17,NOUVELLE-AQUITAINE,1,0,"Foncillon, La Grande Conche, Le Chay, Le Pigeonnier, Pontaillac"
2023,SAINT- TROJAN-LES-BAINS,CHARENTE-MARITIME,17,NOUVELLE-AQUITAINE,1,0,"La grande plage, Gatseau"
2023,AMBRUGEAT-MEYMAC,CORRÈZE,19,NOUVELLE-AQUITAINE,1,0,Lac de Séchemailles
2023,EGLETONS,CORRÈZE,19,NOUVELLE-AQUITAINE,1,0,Plage du lac
2023,LIGINIAC,CORRÈZE,19,NOUVELLE-AQUITAINE,1,0,Le Maury
2023,MASSERET,CORRÈZE,19,NOUVELLE-AQUITAINE,1,0,Plan d'eau Masseret - Lamongerie
2023,NEUVIC D'USSEL,CORRÈZE,19,NOUVELLE-AQUITAINE,1,0,La Plage
2023,TREIGNAC,CORRÈZE,19,NOUVELLE-AQUITAINE,1,0,Plage des Bariousses
2023,CARSAC DE GURSON,DORDOGNE,24,NOUVELLE-AQUITAINE,1,0,Plage du Lac de Gurson
2023,LA JEMAYE-PONTEYRAUD,DORDOGNE,24,NOUVELLE-AQUITAINE,1,0,Plage du Grand Etang
2023,SAINT-ESTÈPHE,DORDOGNE,24,NOUVELLE-AQUITAINE,1,0,Plage du Grand Etang
2023,TAMNIÈS,DORDOGNE,24,NOUVELLE-AQUITAINE,1,0,Etang de Loisirs de Tamniès
2023,BORDEAUX,GIRONDE,33,NOUVELLE-AQUITAINE,1,0,Plage du lac
2023,GRAYAN,GIRONDE,33,NOUVELLE-AQUITAINE,1,0,"et l'Hôpital Le Gurp, Plage de dépée (Euronat)"
2023,HOURTIN,GIRONDE,33,NOUVELLE-AQUITAINE,1,0,"Hourtin Océan, Lac La Jetée (Plage du port), Lac Piqueyrot"
2023,LE VERDON-SUR-MER,GIRONDE,33,NOUVELLE-AQUITAINE,1,0,"Plage de la Chambrette (Estuaire), Plage océanne de Saint-Nicolas"
2023,SOULAC-SUR-MER,GIRONDE,33,NOUVELLE-AQUITAINE,1,0,"L'Amélie, Plage Centrale, Plage des Naïades"
2023,BUSSIÈRE-GALANT,HAUTE-VIENNE,87,NOUVELLE-AQUITAINE,1,0,Espace Hermeline
2023,SAINT HILAIRE LES PLACES,HAUTE-VIENNE,87,NOUVELLE-AQUITAINE,1,0,Lac plaisance
2023,SEIGNOSSE,LANDES,40,NOUVELLE-AQUITAINE,1,0,"Les Estagnots, Le Penon. LOT-ET-GARONNE"
2023,LOUGRATTE,LANDES,40,NOUVELLE-AQUITAINE,1,0,Lac de Lougratte
2023,ANGLET,PYRÉNÉES-ATLANTIQUES,64,NOUVELLE-AQUITAINE,1,0,"Petite Chambre d'Amour, Les sables *Légende : retrouvez en italique et en bleu clair les nouvelles plages labellisées. DE LA MER À LA TERRE d'or, Marinella, Les Corsaires, La Madrague, L'Océan, Les cavaliers, La Barre"
2023,BIARRITZ,PYRÉNÉES-ATLANTIQUES,64,NOUVELLE-AQUITAINE,1,0,"Milady, Marbella, Côte des basques, Port Vieux, Grande Plage, Miramar"
2023,BIDART,PYRÉNÉES-ATLANTIQUES,64,NOUVELLE-AQUITAINE,1,0,"Ilbarritz, Pavillon Royal, Erretegia, Bidart centre, Parlementia"
2023,HENDAYE,PYRÉNÉES-ATLANTIQUES,64,NOUVELLE-AQUITAINE,1,0,"Grande plage, Plage des deux jumeaux. VIENNE"
2023,BEAUMONT,PYRÉNÉES-ATLANTIQUES,64,NOUVELLE-AQUITAINE,1,0,Saint-Cyr Parc de Saint-Cyr
2023,FLEURY,AUDE,11,OCCITANIE,1,0,"d'Aude Les Cabanes de Fleury, Saint-Pierre-La-Mer"
2023,GRUISSAN,AUDE,11,OCCITANIE,1,0,"Grazel, Les Chalets"
2023,LEUCATE,AUDE,11,OCCITANIE,1,0,"La Franqui, Leucate Plage, Naturistes (Port Leucate), Le Kyklos, Copacabana (Port Leucate)"
2023,NARBONNE-PLAGE,AUDE,11,OCCITANIE,1,0,"Plage du Centre, Plage des Karantes, Plage du Languedoc, Plage du Créneau Naturel"
2023,PORT-LA-NOUVELLE,AUDE,11,OCCITANIE,1,0,Plage du Front de Mer
2023,SALLES-CURAN,AVEYRON,12,OCCITANIE,1,0,"Plage des Vernhes 1, Plage des Vernhes 2"
2023,LE-GRAU-DU-ROI,GARD,30,OCCITANIE,1,0,"Le Boucanet, Rive Droite, Rive Gauche, Port Camargue Nord, Port Camargue Sud, Pointe de l'Espiguette32. GERS"
2023,AIGNAN,GARD,30,OCCITANIE,1,0,Base de loisirs du lac
2023,CASTERA VERDUZAN,GARD,30,OCCITANIE,1,0,Base de loisirs
2023,MONTRÉJEAU,HAUTE-GARONNE,31,OCCITANIE,1,0,Lac Montréjeau
2023,AGDE,HÉRAULT,34,OCCITANIE,1,0,"Grau d'Agde / Saint Vincent, Le Môle, Plage Naturiste, Richelieu, La Roquille"
2023,CLERMONT-L'HÉRAULT,HÉRAULT,34,OCCITANIE,1,0,Lac du Salagou - plage du camping
2023,FRONTIGNAN,HÉRAULT,34,OCCITANIE,1,0,"la Peyrade L'entrée, Le Port, La Bergerie, Les Aresquiers, Le Grau"
2023,LA GRANDE MOTTE,HÉRAULT,34,OCCITANIE,1,0,"Grand Travers, Plage Echirolles, Plage du Couchant / Rose des Sables, Point Zéro"
2023,LA SALVETAT-SUR-AGOUT,HÉRAULT,34,OCCITANIE,1,0,"Plage Lac de la Raviège - Gua des Brasses, Lac de la Raviège - Les Bouldouires"
2023,MARSEILLAN,HÉRAULT,34,OCCITANIE,1,0,"Plage d'honneur, Robinson"
2023,MAUGUIO-CARNON,HÉRAULT,34,OCCITANIE,1,0,"Carnon Centre, Carnon / Degrasse, Carnon l'Avranche (De Grasse/Suffren), Carnon les Dunes (secteur grand travers)"
2023,PALAVAS-LES-FLOTS,HÉRAULT,34,OCCITANIE,1,0,"Rive Droite - L'Albatros, Rive Droite - Saint Pierre, Rive Gauche - Le Grec, Rive Gauche - St Maurice, Rive Gauche - St Roch"
2023,PORTIRAGNES,HÉRAULT,34,OCCITANIE,1,0,"La Redoute (Blockhaus), Le Bosquet"
2023,SÈTE,HÉRAULT,34,OCCITANIE,1,0,"Plage des 3 Digues, Plage du Castellas, Plage du Lazaret, Plage de la Baleine, Plage de la Fontaine, Plage du Lido"
2023,VALRAS-PLAGE,HÉRAULT,34,OCCITANIE,1,0,"Casino, De Gaulle, Les Mouettes, Poste de secours central"
2023,VIAS,HÉRAULT,34,OCCITANIE,1,0,Farinette
2023,VILLENEUVE-LÈS-MAGUELONE,HÉRAULT,34,OCCITANIE,1,0,"Plage du Pilou, Plage du Prévost"
2023,CATUS,LOT,46,OCCITANIE,1,0,Plage Lac Vert
2023,MONTCUQ-EN-QUERCY-BLANC,LOT,46,OCCITANIE,1,0,Plage de Saint-Sernin
2023,VILLEFORT,LOZÈRE,48,OCCITANIE,1,0,Lac de Villefort
2023,ARGELÈS-SUR-MER,PYRÉNÉES-ORIENTALES,66,OCCITANIE,1,0,"Plage Centre-Pins, Plage de la Marenda-Tamariguer, Plage du Racou, Plage Sud"
2023,BANYULS-SUR-MER,PYRÉNÉES-ORIENTALES,66,OCCITANIE,1,0,Plage Centrale
2023,CANET-EN-ROUSSILLON,PYRÉNÉES-ORIENTALES,66,OCCITANIE,1,0,"Plage du Sardinal (Port-GCU), Plage du Roussillon, Plage Centrale, Plage du Grand Large, Plage de la Marenda, Plage du Mar Estang"
2023,CERBÈRE,PYRÉNÉES-ORIENTALES,66,OCCITANIE,1,0,Plage principale
2023,PORT-BARCARÈS,PYRÉNÉES-ORIENTALES,66,OCCITANIE,1,0,"Plage du Lydia, Plage Digue Sud du Port, Plage du Village"
2023,PORT-VENDRES,PYRÉNÉES-ORIENTALES,66,OCCITANIE,1,0,"Plage Bernardi, Plage de l'Usine"
2023,SAINT-CYPRIEN,PYRÉNÉES-ORIENTALES,66,OCCITANIE,1,0,"Plage de l'Art PS1, Plage de l'Art PS2, Plage du Port, Plage des Capellans, Plage de la Lagune"
2023,SAINTE-MARIE-LA-MER,PYRÉNÉES-ORIENTALES,66,OCCITANIE,1,0,"Plage du camping municipal, Plage du 1 er Epi, Plage du 2 ème Epi, Plage du 3ème Epi, Plage du 4 ème Epi, Plage Centrale"
2023,TORREILLES,PYRÉNÉES-ORIENTALES,66,OCCITANIE,1,0,"Plage Centre, Plage Nord, Plage Sud"
2023,BLAYE-LES-MINES,TARN,81,OCCITANIE,1,0,Plage sainte marie
2023,NAGES,TARN,81,OCCITANIE,1,0,Plage de Rieu-Montagné
2023,RIVIÈRES,TARN,81,OCCITANIE,1,0,Baignade de Rivières - Aiguelèze
2023,TRÉBAS-LES-BAINS,TARN,81,OCCITANIE,1,0,Base de loisirs de Trébas
2023,MOLIÈRES,TARN-ET-GARONNE,82,OCCITANIE,1,0,Lac Plage Sable
2023,MONCLAR-DE-QUERCY,TARN-ET-GARONNE,82,OCCITANIE,1,0,Lac Plage coté Toboggan
2023,SAINT-LEU,LA RÉUNION,97,OUTRE-MER,1,0,Plage centre Poste MNS
2023,SAINT-PAUL,LA RÉUNION,97,OUTRE-MER,1,0,"Plage Boucan Canot (Piscine), Plage Boucan Canot, Plage Roches Noires, Plage Ermitage Centre La Passe"
2023,BORA,POLYNÉSIE FRANÇAISE,98,OUTRE-MER,1,0,"Bora Plage publique Matira, Plage Hôtel Maitai Polynesia, Complexe sportif Teriimaevarua (Salle Omnisport Pago), Plage Hôtel Intercontinental Thalasso Resort & Spa, Plage Hôtel St Régis, Plage Hôtel Four Seasons, Plage snack Matira, Plage Hôtel Intercontinental Moana Beach, Plage Hôtel Pearl Beach, Plage Hôtel Conrad"
2023,LA BAULE-ESCOUBLAC,LOIRE-ATLANTIQUE,44,PAYS DE LA LOIRE,1,0,"Face à l'Avenue de la Grande Dune, Face à l'Esplanade Benoît"
2023,LA BERNERIE-EN-RETZ,LOIRE-ATLANTIQUE,44,PAYS DE LA LOIRE,1,0,"Grande Plage, Plan d'eau Maurice Giros"
2023,LA TURBALLE,LOIRE-ATLANTIQUE,44,PAYS DE LA LOIRE,1,0,"Les Bretons 1, Pen Bron (V.V.F), Ker Élisabeth"
2023,LE POULIGUEN,LOIRE-ATLANTIQUE,44,PAYS DE LA LOIRE,1,0,Le Nau
2023,PLESSÉ,LOIRE-ATLANTIQUE,44,PAYS DE LA LOIRE,1,0,Etang de Buhel
2023,PORNIC,LOIRE-ATLANTIQUE,44,PAYS DE LA LOIRE,1,0,"Birochère, L'étang, La Noeveillard, Le Porteau, La Source"
2023,PORNICHET,LOIRE-ATLANTIQUE,44,PAYS DE LA LOIRE,1,0,"Bonne Source, Sainte-Marguerite, Les Libraires"
2023,PRÉFAILLES,LOIRE-ATLANTIQUE,44,PAYS DE LA LOIRE,1,0,"L'Anse du Sud, Port Meleu, Grande Plage"
2023,SAINT-BREVIN-LES-PINS,LOIRE-ATLANTIQUE,44,PAYS DE LA LOIRE,1,0,"Plage de l'Ermitage, Plage des Rochelets"
2023,SAINT-MICHEL-CHEF-CHEF,LOIRE-ATLANTIQUE,44,PAYS DE LA LOIRE,1,0,"Plage de Gohaud, La grande plage de Tharon, Plage du Redois"
2023,SAINT-PHILBERT-DE-GRAND-LIEU,LOIRE-ATLANTIQUE,44,PAYS DE LA LOIRE,1,0,Plage du parc de la boulogne
2023,SAINT-NAZAIRE,LOIRE-ATLANTIQUE,44,PAYS DE LA LOIRE,1,0,"Plage de M. Hulot, Plage de la Courance, Plage des Jaunais"
2023,LA FLÈCHE,SARTHE,72,PAYS DE LA LOIRE,1,0,Plage de La Monnerie
2023,L'AIGUILLON-LA-PRESQU'ÎLE,VENDÉE,85,PAYS DE LA LOIRE,1,0,"Grand'Plage, Plage de la Barrique, Plan d'eau"
2023,JARD-SUR-MER,VENDÉE,85,PAYS DE LA LOIRE,1,0,"Boisvinet, La Mine"
2023,LA TRANCHE-SUR-MER,VENDÉE,85,PAYS DE LA LOIRE,1,0,"La Terrière, Les Generelles, Plage centrale, La Grière, Sainte Anne, La Porte des Iles, Corps de garde, Flandre Dunkerque"
2023,NOTRE-DAME-DE-MONTS,VENDÉE,85,PAYS DE LA LOIRE,1,0,Plage Centrale
2023,UBAYE SERRE-PONÇON,ALPES-DE-HAUTE-PROVENCE,04,PROVENCE-ALPES-CÔTE D'AZUR,1,0,Plage de Saint Vincent les forts
2023,ANTIBES,ALPES-MARITIMES,06,PROVENCE-ALPES-CÔTE D'AZUR,1,0,"Antibes-les-Pins Est, Antibes-les-Pins Ouest, Fontonne Est, Fontonne Ouest, Fort Carré, Les Groules, Marineland"
2023,CANNES,ALPES-MARITIMES,06,PROVENCE-ALPES-CÔTE D'AZUR,1,0,"Chantiers navals, Trou (Roubine), Font de Veyre, Ile Sainte Marguerite Est, Ile Sainte Marguerite Ouest, Rochers de la Bocca, Saint Georges"
2023,NICE,ALPES-MARITIMES,06,PROVENCE-ALPES-CÔTE D'AZUR,1,0,Saint Hélène
2023,BERRE L'ETANG,BOUCHES-DU-RHÔNE,13,PROVENCE-ALPES-CÔTE D'AZUR,1,0,Plage de Champigny - quartier des Merveilles
2023,CASSIS,BOUCHES-DU-RHÔNE,13,PROVENCE-ALPES-CÔTE D'AZUR,1,0,"Plage du Bestouan, Plage de la Grande Mer"
2023,FOS-SUR-MER,BOUCHES-DU-RHÔNE,13,PROVENCE-ALPES-CÔTE D'AZUR,1,0,"Cavaou, Grande Plage"
2023,LA CIOTAT,BOUCHES-DU-RHÔNE,13,PROVENCE-ALPES-CÔTE D'AZUR,1,0,Plage Cyrnos
2023,MARIGNANE,BOUCHES-DU-RHÔNE,13,PROVENCE-ALPES-CÔTE D'AZUR,1,0,Plage du Jaï Nord
2023,PORT-DE-BOUC,BOUCHES-DU-RHÔNE,13,PROVENCE-ALPES-CÔTE D'AZUR,1,0,Bottai
2023,SAINT CHAMAS,BOUCHES-DU-RHÔNE,13,PROVENCE-ALPES-CÔTE D'AZUR,1,0,Plage des cabassons
2023,SAUSSET-LES-PINS,BOUCHES-DU-RHÔNE,13,PROVENCE-ALPES-CÔTE D'AZUR,1,0,Corniche
2023,CHORGES,HAUTES-ALPES,05,PROVENCE-ALPES-CÔTE D'AZUR,1,0,"Plage des Trémouilles, Plage de la Baie Saint-Michel"
2023,CROTS,HAUTES-ALPES,05,PROVENCE-ALPES-CÔTE D'AZUR,1,0,Plage de Chanterenne
2023,EMBRUN,HAUTES-ALPES,05,PROVENCE-ALPES-CÔTE D'AZUR,1,0,Plan d'eau plage
2023,ROUSSET,HAUTES-ALPES,05,PROVENCE-ALPES-CÔTE D'AZUR,1,0,Bois Vieux
2023,LE SAUZE-DU-LAC,HAUTES-ALPES,05,PROVENCE-ALPES-CÔTE D'AZUR,1,0,Port Saint Pierre (plage)
2023,SAVINES-LE-LAC,HAUTES-ALPES,05,PROVENCE-ALPES-CÔTE D'AZUR,1,0,"Savin'Plage, Plage de la Combette83. VAR"
2023,BANDOL,HAUTES-ALPES,05,PROVENCE-ALPES-CÔTE D'AZUR,1,0,"Plage du Grand Vallat, Plage du Casino, Plage Centrale, Plage Renécros"
2023,HYÈRES,HAUTES-ALPES,05,PROVENCE-ALPES-CÔTE D'AZUR,1,0,"Ayguade, Almanarre Nord, La Bergerie, Les Salins"
2023,LA CROIX-VALMER,HAUTES-ALPES,05,PROVENCE-ALPES-CÔTE D'AZUR,1,0,"Gigaro, La Douane Le Débarquement"
2023,LA LONDE-LES-MAURES,HAUTES-ALPES,05,PROVENCE-ALPES-CÔTE D'AZUR,1,0,"L'Argentière, Miramar, Tamaris"
2023,LA-SEYNE-SUR-MER,HAUTES-ALPES,05,PROVENCE-ALPES-CÔTE D'AZUR,1,0,"Sablettes Centre, Sablettes Est"
2023,LE LAVANDOU,HAUTES-ALPES,05,PROVENCE-ALPES-CÔTE D'AZUR,1,0,"Anglade, Cavalière, la Fossette, Lavandou ville, Pramousquier, Saint Clair, Aiguebelle"
2023,LE PRADET,HAUTES-ALPES,05,PROVENCE-ALPES-CÔTE D'AZUR,1,0,"Les Bonnettes, La Garonne, Le Pin de Galle, Le Monaco, Les Oursinières"
2023,ROQUEBRUNE-SUR-ARGENS,HAUTES-ALPES,05,PROVENCE-ALPES-CÔTE D'AZUR,1,0,"Gaillarde, San peire"
2023,SAINT-MANDRIER-SUR-MER,HAUTES-ALPES,05,PROVENCE-ALPES-CÔTE D'AZUR,1,0,"La Coudoulière, La Vieille, Touring, Le Canon, Saint-Asile"
2023,SAINT-RAPHAËL,HAUTES-ALPES,05,PROVENCE-ALPES-CÔTE D'AZUR,1,0,"Péguière, Veillat, Boulouris, Dramont, Camp Long, Agay, Pourousset, Baumette, Anthéor"
2023,SAINTE-MAXIME,HAUTES-ALPES,05,PROVENCE-ALPES-CÔTE D'AZUR,1,0,"Garonnette, La Croisette, La Nartelle, Centre-ville"
2023,SIX-FOURS-LES-PLAGES,HAUTES-ALPES,05,PROVENCE-ALPES-CÔTE D'AZUR,1,0,"La Coudouliere, Les Roches Brunes"
2023,TOULON,HAUTES-ALPES,05,PROVENCE-ALPES-CÔTE D'AZUR,1,0,"Mistral, Plage du Lido, Plage de la Source"
2023,RIVES,HAUTE-SAVOIE,74,AUVERGNE-RHÔNE-ALPES,0,1,PORT de plaisance de Rives
2023,MOUETTES,HAUTE-SAVOIE,74,AUVERGNE-RHÔNE-ALPES,0,1,PORT des Mouettes
2023,SCIEZ,HAUTE-SAVOIE,74,AUVERGNE-RHÔNE-ALPES,0,1,PORT de Sciez
2023,DELUZ,DOUBS,25,BOURGOGNE-FRANCHE-COMTÉ,0,1,HALTE de Deluz
2023,BESANÇON,DOUBS,25,BOURGOGNE-FRANCHE-COMTÉ,0,1,HALTE de Besançon (Moulin St Paul)
2023,DECIZE,NIÈVRE,58,BOURGOGNE-FRANCHE-COMTÉ,0,1,PORT de Decize
2023,LA VAUVELLE,SAÔNE-ET-LOIRE,71,BOURGOGNE-FRANCHE-COMTÉ,0,1,PORT de la Vauvelle
2023,MÂCON,SAÔNE-ET-LOIRE,71,BOURGOGNE-FRANCHE-COMTÉ,0,1,PORT de Plaisance de Mâcon
2023,CHALON-SUR-SAÔNE,SAÔNE-ET-LOIRE,71,BOURGOGNE-FRANCHE-COMTÉ,0,1,PORT de Chalon-sur-Saône
2023,SAINT-MARTIN-SUR-OUST,MORBIHAN,56,BRETAGNE,0,1,HALTE Fluviale Saint-Martin-Sur-Oust
2023,BASE,LOIRET,45,CENTRE-VAL DE LOIRE,1,0,Fluviale des Prés Gris
2023,BRIARE LE CANAL,LOIRET,45,CENTRE-VAL DE LOIRE,0,1,PORT de Briare le Canal
2023,BONIFACIO,CORSE-DU-SUD,2A,CORSE,0,1,Marina
2023,BASTIA,HAUTE,2B,CORSE,0,1,PORT Jean-Baptiste Tomi
2023,REVIN,ARDENNES,08,GRAND EST,0,1,HALTE Fluviale de Revin
2023,MONTHERMÉ,ARDENNES,08,GRAND EST,0,1,PORT de plaisance Intercommunal de Monthermé
2023,SAVERNE,BAS-RHIN,67,GRAND EST,0,1,PORT de Plaisance de Saverne
2023,L'ANSE DU JARD,ARDENNES,08,GRAND EST,0,1,RELAIS nautique de l'anse du Jard
2023,NANCY,MEURTHE-ET-MOSELLE,54,GRAND EST,0,1,"PORT Saint-Georges de Nancy, PORT de France"
2023,LANEUVILLE-SUR-MEUSE,MEUSE,55,GRAND EST,0,1,PORT de plaisance Michel Roth
2023,NONSARD,MOSELLE,57,GRAND EST,0,1,PORT de Nonsard
2023,METZ,MOSELLE,57,GRAND EST,0,1,PORT de Plaisance Metz
2023,SARREGUEMINES,MOSELLE,57,GRAND EST,0,1,PORT de Sarreguemines
2023,PRÈS-DU-HEM LILLE MÉTROPOLE,NORD,59,HAUTS-DE-FRANCE,0,1,PORT Fluvial des Près-du-Hem Lille Métropole
2023,LA PORTE DU HAINAUT,NORD,59,HAUTS-DE-FRANCE,0,1,PORT fluvial de la Porte du Hainaut
